<?xml version="1.0" encoding="utf-8" standalone="yes" ?>
<rss version="2.0" xmlns:atom="http://www.w3.org/2005/Atom">
  <channel>
    <title>psycholinguisticslab</title>
    <link>http://compsoc.man.ac.uk/~psycholinglab/</link>
    <description>Recent content on psycholinguisticslab</description>
    <generator>Hugo -- gohugo.io</generator>
    <language>en-us</language>
    
	<atom:link href="http://compsoc.man.ac.uk/~psycholinglab/index.xml" rel="self" type="application/rss+xml" />
    
    
    <item>
      <title></title>
      <link>http://compsoc.man.ac.uk/~psycholinglab/equipment/</link>
      <pubDate>Mon, 01 Jan 0001 00:00:00 +0000</pubDate>
      
      <guid>http://compsoc.man.ac.uk/~psycholinglab/equipment/</guid>
      <description> Equipment The Lab has a sound-attenuated booth for running experiments, which can accommodate up to three people at a time. It is also equipped with the following:
 Serial response pads E-Prime software Eye tracker EEG Ohmmeter  </description>
    </item>
    
    <item>
      <title></title>
      <link>http://compsoc.man.ac.uk/~psycholinglab/timetable/</link>
      <pubDate>Mon, 01 Jan 0001 00:00:00 +0000</pubDate>
      
      <guid>http://compsoc.man.ac.uk/~psycholinglab/timetable/</guid>
      <description> Timetable  </description>
    </item>
    
    <item>
      <title>Contact</title>
      <link>http://compsoc.man.ac.uk/~psycholinglab/contact/</link>
      <pubDate>Mon, 01 Jan 0001 00:00:00 +0000</pubDate>
      
      <guid>http://compsoc.man.ac.uk/~psycholinglab/contact/</guid>
      <description> Get in touch If you need to use the lab, please check the timetable first in order to save time. If the lab is available, just send an email to the lab assistant Massimiliano at massimiliano.canzi@postgrad.manchester.ac.uk including your desired date/s and time slot/s.
Make a booking Or, you can fill in the following form:
Loading... </description>
    </item>
    
    <item>
      <title>People</title>
      <link>http://compsoc.man.ac.uk/~psycholinglab/people/</link>
      <pubDate>Mon, 01 Jan 0001 00:00:00 +0000</pubDate>
      
      <guid>http://compsoc.man.ac.uk/~psycholinglab/people/</guid>
      <description>The lab The Psycholinguistics Lab is the newest facility for the study of language from an experimental approach. The Lab is the place to carry out speech perception, language processing and psycholinguistic experiments, and it welcomes all students and staff who are interested in research on how the human brain perceives, produces and elaborates speech.
As the lab is still being set up, some of the equipment will not be available immediately; however, it is already open for staff, PGR students, and undergrad/PGT students under supervision.</description>
    </item>
    
  </channel>
</rss>